layer,accuracy,macro_f1
embeddings,0.14285714285714285,0.03571428571428571
layer_1,0.6257142857142857,0.624539580493446
layer_2,0.61,0.6089574535788903
layer_3,0.6285714285714286,0.6270047536823521
layer_4,0.6242857142857143,0.6225345070190489
layer_5,0.5714285714285714,0.5705781345569513
layer_6,0.5214285714285715,0.5237007157778244
